INSERT INTO campus(name, address) VALUES
  ('良乡图书馆','徐特立图书馆3楼第二阅览室311G'),
  ('中关村校区','图书馆D08'),
  ('良乡求是社区','疏桐D地下室求是社区D116');

INSERT INTO clinic_user(name,school_id,phone_number,password_hash) VALUES
  ('陈焕然','1120230001','19101223282','5f4dcc3b5aa765d61d8327deb882cf99'),
  ('陈政宏','1120230002','13187666758','5f4dcc3b5aa765d61d8327deb882cf99'),
  ('段煜晗','1120230003','18560822802','5f4dcc3b5aa765d61d8327deb882cf99'),
  ('宫可鑫','1120230004','15567606859','5f4dcc3b5aa765d61d8327deb882cf99'),
  ('郝一丞','1120230005','13191712595','5f4dcc3b5aa765d61d8327deb882cf99'),
  ('侯雨萌','1120230006','13131210887','5f4dcc3b5aa765d61d8327deb882cf99'),
  ('侯雨萌','1120230007','13131210887','5f4dcc3b5aa765d61d8327deb882cf99'),
  ('胡昊阳','1120230008','18365353592','5f4dcc3b5aa765d61d8327deb882cf99'),
  ('黄宝冬','1120230009','1577211752','5f4dcc3b5aa765d61d8327deb882cf99'),
  ('黄初奇','1120230010','15306984069','5f4dcc3b5aa765d61d8327deb882cf99'),
  ('姜郎','1120230011','18580800410','5f4dcc3b5aa765d61d8327deb882cf99'),
  ('鞠东轩','1120230012','15318766132','5f4dcc3b5aa765d61d8327deb882cf99'),
  ('康菲雅','1120230013','19579956169','5f4dcc3b5aa765d61d8327deb882cf99'),
  ('匡经纬','1120230014','13521351162','5f4dcc3b5aa765d61d8327deb882cf99'),
  ('李单仕正','1120230015','18770279281','5f4dcc3b5aa765d61d8327deb882cf99'),
  ('李俊贤','1120230016','15117449267','5f4dcc3b5aa765d61d8327deb882cf99'),
  ('李佩锦','1120230017','15238171206','5f4dcc3b5aa765d61d8327deb882cf99'),
  ('李佩锦','1120230018','15238171206','5f4dcc3b5aa765d61d8327deb882cf99'),
  ('李韦俊','1120230019','13578300870','5f4dcc3b5aa765d61d8327deb882cf99'),
  ('李玥欣','1120230020','18086490395','5f4dcc3b5aa765d61d8327deb882cf99'),
  ('梁宇轩','1120230021','13120040655','5f4dcc3b5aa765d61d8327deb882cf99'),
  ('刘畅','1120230022','15210881590','5f4dcc3b5aa765d61d8327deb882cf99'),
  ('刘俞孝','1120230023','13020008156','5f4dcc3b5aa765d61d8327deb882cf99'),
  ('陆开然','1120230024','18756055171','5f4dcc3b5aa765d61d8327deb882cf99'),
  ('齐慧敏','1120230025','18203403529','5f4dcc3b5aa765d61d8327deb882cf99'),
  ('邵德恺','1120230026','18302672070','5f4dcc3b5aa765d61d8327deb882cf99'),
  ('申晟','1120230027','15234078023','5f4dcc3b5aa765d61d8327deb882cf99'),
  ('石笑屹','1120230028','18941370005','5f4dcc3b5aa765d61d8327deb882cf99'),
  ('宋怡','1120230029','18342053867','5f4dcc3b5aa765d61d8327deb882cf99'),
  ('王凯林','1120230030','15949501893','5f4dcc3b5aa765d61d8327deb882cf99'),
  ('王治桐','1120230031','15941732884','5f4dcc3b5aa765d61d8327deb882cf99'),
  ('王子儒','1120230032','15703182014','5f4dcc3b5aa765d61d8327deb882cf99'),
  ('吴雅妮','1120230033','18182159841','5f4dcc3b5aa765d61d8327deb882cf99'),
  ('吴则勋','1120230034','18210179999','5f4dcc3b5aa765d61d8327deb882cf99'),
  ('肖方杰','1120230035','17738868802','5f4dcc3b5aa765d61d8327deb882cf99'),
  ('杨硕','1120230036','13161321909','5f4dcc3b5aa765d61d8327deb882cf99'),
  ('姚亚霏','1120230037','15369938663','5f4dcc3b5aa765d61d8327deb882cf99'),
  ('禹璟致','1120230038','19936758140','5f4dcc3b5aa765d61d8327deb882cf99'),
  ('张帆','1120230039','18993936895','5f4dcc3b5aa765d61d8327deb882cf99'),
  ('张倩','1120230040','18793160125','5f4dcc3b5aa765d61d8327deb882cf99'),
  ('张旺','1120230041','18263498575','5f4dcc3b5aa765d61d8327deb882cf99'),
  ('张语慧','1120230042','13522155977','5f4dcc3b5aa765d61d8327deb882cf99'),
  ('张云奕','1120230043','15027828616','5f4dcc3b5aa765d61d8327deb882cf99'),
  ('钟家旭','1120230044','18729787041','5f4dcc3b5aa765d61d8327deb882cf99'),
  ('钟俊杰','1120230045','13398498884','5f4dcc3b5aa765d61d8327deb882cf99'),
  ('钟志东','1120230046','18856004681','5f4dcc3b5aa765d61d8327deb882cf99'),
  ('周姜','1120230047','15214465682','5f4dcc3b5aa765d61d8327deb882cf99'),
  ('朱帅威','1120230048','17671157985','5f4dcc3b5aa765d61d8327deb882cf99'),
  ('高松灯','1120200001',NULL,'5f4dcc3b5aa765d61d8327deb882cf99'),
  ('千早爱音','1120200002',NULL,'5f4dcc3b5aa765d61d8327deb882cf99'),
  ('长崎素世','1120200003',NULL,'5f4dcc3b5aa765d61d8327deb882cf99'),
  ('椎名立希','1120200004',NULL,'5f4dcc3b5aa765d61d8327deb882cf99'),
  ('要乐奈','1120200005',NULL,'5f4dcc3b5aa765d61d8327deb882cf99'),
  ('丰川祥子','1120200006',NULL,'5f4dcc3b5aa765d61d8327deb882cf99'),
  ('若叶睦','1120200007',NULL,'5f4dcc3b5aa765d61d8327deb882cf99'),
  ('浅见槻野','1120200008',NULL,'5f4dcc3b5aa765d61d8327deb882cf99');

INSERT INTO worker(id,campus) VALUES
  ('49','1'),
  ('50','2'),
  ('51','3'),
  ('52','1'),
  ('53','2'),
  ('54','3'),
  ('55','1'),
  ('56','2');

INSERT INTO admin(id) VALUES
  ('56');

INSERT INTO schedule(campus_id, date, start_time, end_time, capacity) VALUES
  ('1', '2025-04-23', '18:30:00', '21:00:00', '5'),
  ('3', '2025-04-23', '18:30:00', '21:00:00', '5'),
  ('1', '2025-04-24', '18:30:00', '21:00:00', '8'),
  ('3', '2025-04-24', '18:30:00', '21:00:00', '5'),
  ('1', '2025-04-25', '18:30:00', '21:00:00', '5'),
  ('3', '2025-04-25', '18:30:00', '21:00:00', '5'),
  ('1', '2025-04-28', '18:30:00', '21:00:00', '10'),
  ('3', '2025-04-28', '18:30:00', '21:00:00', '10'),
  ('1', '2025-04-29', '18:30:00', '21:00:00', '5'),
  ('3', '2025-04-29', '18:30:00', '21:00:00', '5');

INSERT INTO appointment (user_id, status, schedule_id, arrive_time, description, computer_model, worker_caption, reject_reason, worker_id) VALUES
  ('37','6','1','2025-04-23 13:37:54.041','"键盘部分键不灵敏，比如s经常按不下去，一阵一阵的\n（去年12月份，曾经电脑不小心洒过水，当时开机困难，后来按网上方法晾干后，自己又好了）\n不知道按键不灵敏是否相关"','华硕天选2022',NULL,NULL,'50'),
  ('32','6','1','2025-04-23 11:01:03.11','笔记本打开的时候，一侧屏幕边缘翘边',NULL,NULL,NULL,'50'),
  ('10','6','1','2025-04-23 11:23:13.218','清灰','Legion R7000 AHP9',NULL,NULL,'50'),
  ('26','6','2','2025-04-23 12:21:25.495','清灰','华硕天选',NULL,NULL,'50'),
  ('15','6','3','2025-04-24 11:03:43.415','笔记本清灰换硅脂（自带）','lssz2380317583',NULL,NULL,'50'),
  ('31','6','3','2025-04-24 10:30:20.993','清灰','dell g15',NULL,NULL,'51'),
  ('47','6','3','2025-04-24 11:52:22.842','安装inventor2023报错','华硕天选',NULL,NULL,'51'),
  ('39','6','3','2025-04-24 10:29:51.093','买来刚用了小半年的游戏本，之前开机后未运行任何游戏cpu温度稳定在三四十，现在开机后同样情况下cpu一路飙到了六七十，期间清过一次灰，盲猜可能是清灰不彻底造成的，希望能帮助诊断一下病灶，要是方便的话，顺带全面清一下灰，谢谢！','华硕ASUS 天选5Pro i9-14900HX RTX 4060',NULL,NULL,'50'),
  ('6','6','3','2025-04-24 10:51:15.413','安装linux',NULL,NULL,NULL,'50'),
  ('14','6','3','2025-04-24 10:29:57.124','需要清灰，自己清不干净也不放心，谢谢','联想拯救者r9000p',NULL,NULL,'51'),
  ('3','6','3','2025-04-24 12:14:33.597','电脑发热，可能需要清灰换硅脂','拯救者y9000p',NULL,NULL,'50'),
  ('23','6','3','2025-04-24 10:42:38.678','电脑能正常开机，但输入密码后黑屏，只有鼠标光标，不能打开任务管理器',NULL,'输入用户密码后，使用win键呼唤出菜单，然后可以正常打开',NULL,'50'),
  ('13','7','4','2025-04-24 09:37:39.85','"触控板卡住无法按动, 屏幕开机后闪烁"','联想YOGApro14s',NULL,'问题过于严重','50'),
  ('34','6','5','2025-04-25 10:24:51.189','d盘的权限什么的好像是纯在系统文件导致软件装不了什么的','惠普 victus 16',NULL,NULL,'50'),
  ('45','7','5','2025-04-25 10:49:00.863','电脑昨天晚上突然蓝屏，重启之后并无异常。今天打开电脑玩游戏如cs和其他3a类发现帧数一直特别低，但是玩其他的低要求游戏如英雄联盟则无异常，其他各方面功能也无异常。','dell g15 5520',NULL,NULL,'50'),
  ('6','6','5','2025-04-25 12:48:12.286','安装SolidWorks2018',NULL,NULL,NULL,'51'),
  ('17','9','5',NULL,'电脑风扇清灰','拯救者Y9000P',NULL,NULL,'51'),
  ('42','6','5','2025-04-25 12:48:21.561','电脑空间不足，删除了很多但是没啥变化','戴尔灵越16plus',NULL,NULL,'51'),
  ('4','6','5','2025-04-25 10:57:40.74','电脑清灰','拯救者y9000p2023',NULL,NULL,'50'),
  ('36','6','6','2025-04-25 10:40:07.194','电脑清灰','联想y7000p',NULL,NULL,'50'),
  ('5','9','7',NULL,'电脑因为磕碰，部分显示屏坏了','联想拯救者Y7000PIRX9',NULL,NULL,'51'),
  ('27','6','7','2025-04-28 10:38:10.421','清灰，分配存储空间','拯救者r9000k2021版',NULL,NULL,'51'),
  ('8','9','7',NULL,'清灰','拯救者',NULL,NULL,'51'),
  ('2','9','7',NULL,'电脑清灰加换硅脂','y9000p 2022',NULL,NULL,'51'),
  ('1','9','7',NULL,'加装硬盘',NULL,NULL,NULL,'51'),
  ('41','9','7',NULL,'游戏本拯救者y7000p清灰换硅脂，已使用4年。','联想拯救者y7000p',NULL,NULL,'51'),
  ('20','6','7','2025-04-28 10:35:52.688','电脑运行速度太慢，电脑能连上wifi但显示尚未连接','thinkpad',NULL,NULL,'51'),
  ('44','2','7',NULL,'电脑清灰','联想拯救者Y7000P',NULL,NULL,'51'),
  ('17','9','7',NULL,'电脑清灰','拯救者Y9000P',NULL,NULL,'56'),
  ('33','9','7',NULL,'电脑经常性无响应。','惠普光影精灵',NULL,NULL,'56'),
  ('21','2','8',NULL,'加硬盘','华硕天选',NULL,NULL,'50'),
  ('40','9','8',NULL,'把电脑用户名改成英文的','联想小新16',NULL,NULL,'50'),
  ('9','6','8','2025-04-28 10:37:07.693','清灰','拯救者r9000p',NULL,NULL,'56'),
  ('24','9','8',NULL,'电脑无法使用电源键开机,虽然电源键在充电时亮起','MECHREVO蛟龙16K R7-7735H',NULL,NULL,'50'),
  ('11','2','8',NULL,'撤换内存条','Y9000X2022',NULL,NULL,'50'),
  ('25','9','8',NULL,'C盘快满了，系统存储空间不够','华为',NULL,NULL,'53'),
  ('29','9','8',NULL,'过热卡顿','七彩虹隐星p15',NULL,NULL,'53'),
  ('28','9','8',NULL,'电脑关机后键盘灯依旧亮，风扇还在转。强制关机也不好使，也无法开机','戴尔外星人',NULL,NULL,'52'),
  ('43','6','8','2025-04-28 10:37:16.779','电脑清灰','宏碁暗影骑士擎',NULL,NULL,'51'),
  ('48','9','9',NULL,'清灰','拯救者Y7000P',NULL,NULL,'54'),
  ('35','9','9',NULL,'电脑清灰','华硕天选4',NULL,NULL,'54'),
  ('16','6','9','2025-04-28 10:47:00.323','换硅脂',NULL,NULL,NULL,'51'),
  ('38','2','9',NULL,'散热差，玩大表哥掉帧，换硅脂清灰','机械师t58v',NULL,NULL,'54'),
  ('19','2','10',NULL,'CPU的风扇不转了，不知道是硬件还是软件问题，也有可能是出现液金偏移了，平时随身携带比较多','ROG幻16air',NULL,NULL,'49'),
  ('46','2','10',NULL,'电脑清灰，添加硅脂','惠普暗影精灵9',NULL,NULL,'50'),
  ('22','2','10',NULL,'电脑需要清灰','拯救者 y9000p',NULL,NULL,'50'),
  ('30','2','10',NULL,'外置硬盘插入电脑后过一段时间一直弹出弹进。','拯救者y7000p',NULL,NULL,'55'),
  ('12','2','10',NULL,'清灰','华硕天选5Pro',NULL,NULL,'49');

INSERT INTO announcement(title, content, publish_time, expire_time, priority, last_editor) VALUES
  ('良乡软件服务','请各位预约的同学注意，网协技术部提供的软件服务目前已经与电脑诊所提供的维修服务合并，可随意预约良乡求是社区或良乡图书馆的任意时间。\n更多相关资讯可以加入QQ群812129003了解。','2025-02-27 10:00:00',NULL,'0','56');